{"cameraMode":{"drawMode":0,"name":"Shaded","section":"Shading Mode"},"sceneLighting":true,"audioPlay":false,"sceneViewState":{"showFog":true,"showMaterialUpdate":false,"showSkybox":true,"showFlares":true,"showImageEffects":true,"showParticleSystems":true},"in2DMode":false,"pivot":{"x":-19.452564239501954,"y":7.826623916625977,"z":9.98656940460205},"rotation":{"x":0.09509987384080887,"y":0.0567120760679245,"z":-0.005472839809954166,"w":0.9938656687736511},"size":40.15052032470703,"orthographic":false}